<data>
  <styles>
    <class name="TAForm" default="94CA0000">
      <style name="WS_MAXIMIZEBOX" value="00010000"/>
      <style name="WS_MINIMIZEBOX" value="00020000"/>
      <style name="WS_SIZEBOX" value="00040000"/>
      <style name="WS_THICKFRAME" value="00040000"/>
      <style name="WS_SYSMENU" value="00080000"/>
      <style name="WS_DLGFRAME" value="00400000" mask="00C00000"/>
      <style name="WS_CAPTION" value="00C00000" mask="00C00000"/>
      <style name="WS_OVERLAPPEDWINDOW" value="00CF0000"/>
      <style name="WS_TILEDWINDOW" value="00CF0000"/>
      <style name="WS_MAXIMIZE" value="01000000"/>
      <style name="WS_CLIPCHILDREN" value="02000000"/>
      <style name="WS_MINIMIZE" value="20000000"/>
      <style name="WS_CHILD" value="40000000" mask="80000000"/>
      <style name="WS_POPUP" value="80000000" mask="80000000"/>
      <style name="WS_POPUPWINDOW" value="80880000"/>
      <style name="WS_OVERLAPPED" value="00000000"/>
      <style name="WS_GROUP" value="00020000"/>
      <style name="WS_TABSTOP" value="00010000"/>
      <style name="WS_HSCROLL" value="00100000"/>
      <style name="WS_VSCROLL" value="00200000"/>
      <style name="WS_VISIBLE" value="10000000" forced="true"/>
      <style name="WS_BORDER" value="00800000"/>
      <style name="WS_CLIPSIBLINGS" value="04000000"/>
      <style name="DS_MODALFRAME" value="00000080"/>
      <style name="DS_SETFOREGROUND" value="00000200"/>
      <style name="DS_CONTEXTHELP" value="00002000"/>
    </class>
    <class name="TAFormEx" default="00000100">
      <style name="WS_EX_ACCEPTFILES" value="00000010"/>
      <style name="WS_EX_MDICHILD" value="00000040"/>
      <style name="WS_EX_APPWINDOW" value="00040000"/>
      <style name="WS_EX_CONTEXTHELP" value="00000400"/>
      <style name="WS_EX_LEFTSCROLLBAR" value="00004000"/>
      <style name="WS_EX_OVERLAPPEDWINDOW" value="00000300"/>
      <style name="WS_EX_RIGHT" value="00001000"/>
      <style name="WS_EX_TOOLWINDOW" value="00000080"/>
      <style name="WS_EX_TOPMOST" value="00000008"/>
      <style name="WS_EX_TRANSPARENT" value="00000020"/>
      <style name="WS_EX_WINDOWEDGE" value="00000100"/>
      <style name="WS_EX_LAYERED" value="00080000"/>
    </class>
    <class name="TAButton" default="50010000">
      <style name="BS_PUSHBUTTON" value="00000000" mask="1"/>
      <style name="BS_DEFPUSHBUTTON" value="00000001" mask="1"/>
      <style name="BS_PUSHBOX" value="0000000A"/>
      <style name="BS_LEFT" value="00000100" mask="00000300"/>
      <style name="BS_RIGHT" value="00000200" mask="00000300"/>
      <style name="BS_CENTER" value="00000300" mask="00000300"/>
      <style name="BS_TOP" value="00000400" mask="00000C00"/>
      <style name="BS_BOTTOM" value="00000800" mask="00000C00"/>
      <style name="BS_VCENTER" value="00000C00" mask="00000C00"/>
      <style name="BS_PUSHLIKE" value="00001000"/>
      <style name="BS_MULTILINE" value="00002000"/>
      <style name="BS_NOTIFY" value="00004000" forced="1"/>
      <style name="BS_FLAT" value="00008000"/>
      <style name="BS_ICON" value="00000040" managed="true"/>
      <style name="BS_BITMAP" value="00000080" managed="true"/>
      <style name="WS_OVERLAPPED" value="00000000"/>
      <style name="WS_GROUP" value="00020000"/>
      <style name="WS_TABSTOP" value="00010000" forced="1"/>
      <style name="WS_HSCROLL" value="00100000"/>
      <style name="WS_VSCROLL" value="00200000"/>
      <style name="WS_VISIBLE" value="10000000" forced="true"/>
      <style name="WS_CHILD" value="40000000" mask="80000000" forced="true"/>
      <style name="WS_BORDER" value="00800000"/>
      <style name="WS_CLIPSIBLINGS" value="04000000"/>
    </class>
    <class name="TAButtonEx" default="00000000">
      <style name="WS_EX_CLIENTEDGE" value="00000200"/>
      <style name="WS_EX_STATICEDGE" value="00020000"/>
    </class>
    <class name="TACheckbox" default="50010003">
      <style name="BS_CHECKBOX" value="00000002" mask="1F"/>
      <style name="BS_AUTOCHECKBOX" value="00000003" mask="1F"/>
      <style name="BS_3STATE" value="00000005" mask="1F"/>
      <style name="BS_AUTO3STATE" value="00000006" mask="1F"/>
      <style name="BS_RIGHTBUTTON" value="00000020"/>
      <style name="BS_LEFT" value="00000100" mask="00000300"/>
      <style name="BS_RIGHT" value="00000200" mask="00000300"/>
      <style name="BS_CENTER" value="00000300" mask="00000300"/>
      <style name="BS_TOP" value="00000400" mask="00000C00"/>
      <style name="BS_BOTTOM" value="00000800" mask="00000C00"/>
      <style name="BS_VCENTER" value="00000C00" mask="00000C00"/>
      <style name="BS_PUSHLIKE" value="00001000"/>
      <style name="BS_MULTILINE" value="00002000"/>
      <style name="BS_FLAT" value="00008000"/>
      <style name="WS_OVERLAPPED" value="00000000"/>
      <style name="WS_GROUP" value="00020000"/>
      <style name="WS_TABSTOP" value="00010000"/>
      <style name="WS_HSCROLL" value="00100000"/>
      <style name="WS_VSCROLL" value="00200000"/>
      <style name="WS_VISIBLE" value="10000000" forced="true"/>
      <style name="WS_CHILD" value="40000000" mask="80000000" forced="true"/>
      <style name="WS_BORDER" value="00800000"/>
      <style name="WS_CLIPSIBLINGS" value="04000000"/>
    </class>
    <class name="TACheckboxEx" default="00000000">
      <style name="WS_EX_CLIENTEDGE" value="00000200"/>
      <style name="WS_EX_STATICEDGE" value="00020000"/>
    </class>
    <class name="TARadio" default="50010009">
      <style name="BS_RADIOBUTTON" value="00000004" mask="1F"/>
      <style name="BS_AUTORADIOBUTTON" value="00000009" mask="1F"/>
      <style name="BS_RIGHTBUTTON" value="00000020"/>
      <style name="BS_LEFT" value="00000100" mask="00000300"/>
      <style name="BS_RIGHT" value="00000200" mask="00000300"/>
      <style name="BS_CENTER" value="00000300" mask="00000300"/>
      <style name="BS_TOP" value="00000400" mask="00000C00"/>
      <style name="BS_BOTTOM" value="00000800" mask="00000C00"/>
      <style name="BS_VCENTER" value="00000C00" mask="00000C00"/>
      <style name="BS_PUSHLIKE" value="00001000"/>
      <style name="BS_MULTILINE" value="00002000"/>
      <style name="BS_FLAT" value="00008000"/>
      <style name="WS_OVERLAPPED" value="00000000"/>
      <style name="WS_GROUP" value="00020000"/>
      <style name="WS_TABSTOP" value="00010000" forced="1"/>
      <style name="WS_HSCROLL" value="00100000"/>
      <style name="WS_VSCROLL" value="00200000"/>
      <style name="WS_VISIBLE" value="10000000" forced="true"/>
      <style name="WS_CHILD" value="40000000" mask="80000000" forced="true"/>
      <style name="WS_BORDER" value="00800000"/>
      <style name="WS_CLIPSIBLINGS" value="04000000"/>
    </class>
    <class name="TARadioEx" default="00000000">
      <style name="WS_EX_CLIENTEDGE" value="00000200"/>
      <style name="WS_EX_STATICEDGE" value="00020000"/>
    </class>
    <class name="TAGroup" default="50020007">
      <style name="BS_GROUPBOX" value="00000007" forced="true"/>
      <style name="BS_RIGHTBUTTON" value="00000020"/>
      <style name="BS_LEFT" value="00000100" mask="00000300"/>
      <style name="BS_RIGHT" value="00000200" mask="00000300"/>
      <style name="BS_CENTER" value="00000300" mask="00000300"/>
      <style name="BS_FLAT" value="00008000"/>
      <style name="WS_OVERLAPPED" value="00000000"/>
      <style name="WS_GROUP" value="00020000" forced="true"/>
      <style name="WS_TABSTOP" value="00010000"/>
      <style name="WS_HSCROLL" value="00100000"/>
      <style name="WS_VSCROLL" value="00200000"/>
      <style name="WS_VISIBLE" value="10000000" forced="true"/>
      <style name="WS_CHILD" value="40000000" mask="80000000" forced="true"/>
      <style name="WS_BORDER" value="00800000"/>
      <style name="WS_CLIPSIBLINGS" value="04000000"/>
    </class>
    <class name="TAGroupEx" default="00000000">
      <style name="WS_EX_TRANSPARENT" value="00000020"/>
      <style name="WS_EX_CLIENTEDGE" value="00000200"/>
      <style name="WS_EX_STATICEDGE" value="00020000"/>
    </class>
    <class name="TACombo" default="50010242">
      <style name="CBS_SIMPLE" value="00000001" mask="00000003"/>
      <style name="CBS_DROPDOWN" value="00000002" mask="00000003"/>
      <style name="CBS_DROPDOWNLIST" value="00000003" mask="00000003"/>
      <style name="CBS_AUTOHSCROLL" value="00000040"/>
      <style name="CBS_OEMCONVERT" value="00000080"/>
      <style name="CBS_SORT" value="00000100"/>
      <style name="CBS_NOINTEGRALHEIGHT" value="00000400"/>
      <style name="CBS_DISABLENOSCROLL" value="00000800"/>
      <style name="CBS_UPPERCASE" value="00002000"/>
      <style name="CBS_LOWERCASE" value="00004000"/>
      <style name="WS_OVERLAPPED" value="00000000"/>
      <style name="WS_GROUP" value="00020000"/>
      <style name="WS_TABSTOP" value="00010000" forced="true"/>
      <style name="WS_HSCROLL" value="00100000"/>
      <style name="WS_VSCROLL" value="00200000"/>
      <style name="WS_VISIBLE" value="10000000" forced="true"/>
      <style name="WS_CHILD" value="40000000" mask="80000000" forced="true"/>
      <style name="WS_BORDER" value="00800000"/>
      <style name="WS_CLIPSIBLINGS" value="04000000"/>
    </class>
    <class name="TAComboEx" default="00000000">
      <style name="WS_EX_CLIENTEDGE" value="00000200"/>
      <style name="WS_EX_STATICEDGE" value="00020000"/>
    </class>
    <class name="TAInput" default="50010080">
      <style name="ES_LEFT" value="00000000" mask="00000003"/>
      <style name="ES_CENTER" value="00000001" mask="00000003"/>
      <style name="ES_RIGHT" value="00000002" mask="00000003"/>
      <style name="ES_MULTILINE" value="00000004" forced="true"/>
      <style name="ES_UPPERCASE" value="00000008"/>
      <style name="ES_LOWERCASE" value="00000010"/>
      <style name="ES_PASSWORD" value="00000020"/>
      <style name="ES_AUTOVSCROLL" value="00000040"/>
      <style name="ES_AUTOHSCROLL" value="00000080"/>
      <style name="ES_NOHIDESEL" value="00000100"/>
      <style name="ES_OEMCONVERT" value="00000400"/>
      <style name="ES_READONLY" value="00000800"/>
      <style name="ES_WANTRETURN" value="00001000"/>
      <style name="ES_NUMBER" value="00002000"/>
      <style name="WS_OVERLAPPED" value="00000000"/>
      <style name="WS_GROUP" value="00020000"/>
      <style name="WS_TABSTOP" value="00010000" forced="true"/>
      <style name="WS_HSCROLL" value="00100000"/>
      <style name="WS_VSCROLL" value="00200000"/>
      <style name="WS_VISIBLE" value="10000000" forced="true"/>
      <style name="WS_CHILD" value="40000000" mask="80000000" forced="true"/>
      <style name="WS_BORDER" value="00800000"/>
      <style name="WS_CLIPSIBLINGS" value="04000000"/>
    </class>
    <class name="TAInputEx" default="00000200">
      <style name="WS_EX_CLIENTEDGE" value="00000200"/>
      <style name="WS_EX_STATICEDGE" value="00020000"/>
    </class>
    <class name="TAEdit" default="503110C4">
      <style name="ES_LEFT" value="00000000" mask="3"/>
      <style name="ES_CENTER" value="00000001" mask="3"/>
      <style name="ES_RIGHT" value="00000002" mask="3"/>
      <style name="ES_MULTILINE" value="00000004" forced="true"/>
      <style name="ES_UPPERCASE" value="00000008"/>
      <style name="ES_LOWERCASE" value="00000010"/>
      <style name="ES_PASSWORD" value="00000020" forced="true"/>
      <style name="ES_AUTOVSCROLL" value="00000040"/>
      <style name="ES_AUTOHSCROLL" value="00000080"/>
      <style name="ES_NOHIDESEL" value="00000100"/>
      <style name="ES_OEMCONVERT" value="00000400"/>
      <style name="ES_READONLY" value="00000800"/>
      <style name="ES_WANTRETURN" value="00001000"/>
      <style name="ES_NUMBER" value="00002000"/>
      <style name="WS_OVERLAPPED" value="00000000"/>
      <style name="WS_GROUP" value="00020000"/>
      <style name="WS_TABSTOP" value="00010000" forced="true"/>
      <style name="WS_HSCROLL" value="00100000"/>
      <style name="WS_VSCROLL" value="00200000"/>
      <style name="WS_VISIBLE" value="10000000" forced="true"/>
      <style name="WS_CHILD" value="40000000" mask="80000000" forced="true"/>
      <style name="WS_BORDER" value="00800000"/>
      <style name="WS_CLIPSIBLINGS" value="04000000"/>
    </class>
    <class name="TAEditEx" default="00000200">
      <style name="WS_EX_CLIENTEDGE" value="00000200"/>
      <style name="WS_EX_STATICEDGE" value="00020000"/>
    </class>
    <class name="TAList" default="50810003">
      <style name="LBS_NOTIFY" value="00000001" forced="true"/>
      <style name="LBS_SORT" value="00000002"/>
      <style name="LBS_MULTIPLESEL" value="00000008"/>
      <style name="LBS_HASSTRINGS" value="00000040"/>
      <style name="LBS_USETABSTOPS" value="00000080"/>
      <style name="LBS_NOINTEGRALHEIGHT" value="00000100"/>
      <style name="LBS_DISABLENOSCROLL" value="00001000"/>
      <style name="LBS_NOSEL" value="00004000"/>
      <style name="LBS_STANDARD" value="00A00003"/>
      <style name="LBS_MULTICOLUMN" value="00000200"/>
      <style name="LBS_WANTKEYBOARDINPUT" value="00000400"/>
      <style name="LBS_EXTENDEDSEL" value="00000800"/>
      <style name="LBS_NODATA" value="00002000"/>
      <style name="WS_OVERLAPPED" value="00000000"/>
      <style name="WS_GROUP" value="00020000"/>
      <style name="WS_TABSTOP" value="00010000" forced="true"/>
      <style name="WS_HSCROLL" value="00100000"/>
      <style name="WS_VSCROLL" value="00200000"/>
      <style name="WS_VISIBLE" value="10000000" forced="true"/>
      <style name="WS_CHILD" value="40000000" mask="80000000" forced="true"/>
      <style name="WS_BORDER" value="00800000"/>
      <style name="WS_CLIPSIBLINGS" value="04000000"/>
    </class>
    <class name="TAListEx" default="00000200">
      <style name="WS_EX_CLIENTEDGE" value="00000200"/>
      <style name="WS_EX_STATICEDGE" value="00020000"/>
    </class>
    <class name="TALabel" default="50000100">
      <style name="SS_LEFT" value="00000000" mask="1F"/>
      <style name="SS_CENTER" value="00000001" mask="1F"/>
      <style name="SS_RIGHT" value="00000002" mask="1F"/>
      <style name="SS_BLACKRECT" value="00000004" mask="1F"/>
      <style name="SS_GRAYRECT" value="00000005" mask="1F"/>
      <style name="SS_WHITERECT" value="00000006" mask="1F"/>
      <style name="SS_BLACKFRAME" value="00000007" mask="1F"/>
      <style name="SS_GRAYFRAME" value="00000008" mask="1F"/>
      <style name="SS_WHITEFRAME" value="00000009" mask="1F"/>
      <style name="SS_SIMPLE" value="0000000B" mask="1F"/>
      <style name="SS_LEFTNOWORDWRAP" value="0000000C" mask="1F"/>
      <style name="SS_ETCHEDHORZ" value="00000010" mask="1F"/>
      <style name="SS_ETCHEDVERT" value="00000011" mask="1F"/>
      <style name="SS_ETCHEDFRAME" value="00000012" mask="1F"/>
      <style name="SS_NOPREFIX" value="00000080"/>
      <style name="SS_NOTIFY" value="00000100" forced="true"/>
      <style name="SS_CENTERIMAGE" value="00000200"/>
      <style name="SS_RIGHTJUST" value="00000400"/>
      <style name="SS_SUNKEN" value="00001000"/>
      <style name="WS_OVERLAPPED" value="00000000"/>
      <style name="WS_GROUP" value="00020000"/>
      <style name="WS_TABSTOP" value="00010000"/>
      <style name="WS_HSCROLL" value="00100000"/>
      <style name="WS_VSCROLL" value="00200000"/>
      <style name="WS_VISIBLE" value="10000000" forced="true"/>
      <style name="WS_CHILD" value="40000000" mask="80000000" forced="true"/>
      <style name="WS_BORDER" value="00800000"/>
      <style name="WS_CLIPSIBLINGS" value="04000000"/>
    </class>
    <class name="TALabelEx" default="00000000">
      <style name="WS_EX_CLIENTEDGE" value="00000200"/>
      <style name="WS_EX_STATICEDGE" value="00020000"/>
      <style name="GUI_WS_EX_PARENTDRAG" value="00100000"/>
    </class>
    <class name="TAPic" default="5002010E">
      <style name="SS_BITMAP" value="0000000E" mask="1F" forced="true"/>
      <style name="SS_NOPREFIX" value="00000080"/>
      <style name="SS_NOTIFY" value="00000100"/>
      <style name="SS_CENTERIMAGE" value="00000200" forced="true"/>
      <style name="SS_RIGHTJUST" value="00000400"/>
      <style name="SS_REALSIZEIMAGE" value="00000800"/>
      <style name="SS_SUNKEN" value="00001000"/>
      <style name="WS_OVERLAPPED" value="00000000"/>
      <style name="WS_GROUP" value="00020000"/>
      <style name="WS_TABSTOP" value="00010000"/>
      <style name="WS_HSCROLL" value="00100000"/>
      <style name="WS_VSCROLL" value="00200000"/>
      <style name="WS_VISIBLE" value="10000000" forced="true"/>
      <style name="WS_CHILD" value="40000000" mask="80000000" forced="true"/>
      <style name="WS_BORDER" value="00800000"/>
      <style name="WS_CLIPSIBLINGS" value="04000000"/>
    </class>
    <class name="TAPicEx" default="00000000">
      <style name="WS_EX_CLIENTEDGE" value="00000200"/>
      <style name="WS_EX_STATICEDGE" value="00020000"/>
      <style name="GUI_WS_EX_PARENTDRAG" value="00100000"/>
    </class>
    <class name="TAIcon" default="5002010E">
      <style name="SS_ICON" value="00000003" mask="1F" forced="true"/>
      <style name="SS_NOPREFIX" value="00000080"/>
      <style name="SS_NOTIFY" value="00000100"/>
      <style name="SS_CENTERIMAGE" value="00000200" forced="true"/>
      <style name="SS_RIGHTJUST" value="00000400"/>
      <style name="SS_REALSIZEIMAGE" value="00000800" forced="true"/>
      <style name="SS_SUNKEN" value="00001000"/>
      <style name="WS_OVERLAPPED" value="00000000"/>
      <style name="WS_GROUP" value="00020000"/>
      <style name="WS_TABSTOP" value="00010000"/>
      <style name="WS_HSCROLL" value="00100000"/>
      <style name="WS_VSCROLL" value="00200000"/>
      <style name="WS_VISIBLE" value="10000000" forced="true"/>
      <style name="WS_CHILD" value="40000000" mask="80000000" forced="true"/>
      <style name="WS_BORDER" value="00800000"/>
      <style name="WS_CLIPSIBLINGS" value="04000000"/>
    </class>
    <class name="TAIconEx" default="00000000">
      <style name="WS_EX_CLIENTEDGE" value="00000200"/>
      <style name="WS_EX_STATICEDGE" value="00020000"/>
    </class>
    <class name="TAGraphic" default="50000100">
      <style name="SS_LEFT" value="00000000" mask="1F"/>
      <style name="SS_CENTER" value="00000001" mask="1F"/>
      <style name="SS_RIGHT" value="00000002" mask="1F"/>
      <style name="SS_BLACKRECT" value="00000004" mask="1F"/>
      <style name="SS_GRAYRECT" value="00000005" mask="1F"/>
      <style name="SS_WHITERECT" value="00000006" mask="1F"/>
      <style name="SS_BLACKFRAME" value="00000007" mask="1F"/>
      <style name="SS_GRAYFRAME" value="00000008" mask="1F"/>
      <style name="SS_WHITEFRAME" value="00000009" mask="1F"/>
      <style name="SS_SIMPLE" value="0000000B" mask="1F"/>
      <style name="SS_LEFTNOWORDWRAP" value="0000000C" mask="1F"/>
      <style name="SS_ETCHEDHORZ" value="00000010" mask="1F"/>
      <style name="SS_ETCHEDVERT" value="00000011" mask="1F"/>
      <style name="SS_ETCHEDFRAME" value="00000012" mask="1F"/>
      <style name="SS_NOPREFIX" value="00000080"/>
      <style name="SS_NOTIFY" value="00000100"/>
      <style name="SS_CENTERIMAGE" value="00000200"/>
      <style name="SS_RIGHTJUST" value="00000400"/>
      <style name="SS_SUNKEN" value="00001000"/>
      <style name="WS_OVERLAPPED" value="00000000"/>
      <style name="WS_GROUP" value="00020000"/>
      <style name="WS_TABSTOP" value="00010000"/>
      <style name="WS_HSCROLL" value="00100000"/>
      <style name="WS_VSCROLL" value="00200000"/>
      <style name="WS_VISIBLE" value="10000000" forced="true"/>
      <style name="WS_CHILD" value="40000000" mask="80000000" forced="true"/>
      <style name="WS_BORDER" value="00800000"/>
      <style name="WS_CLIPSIBLINGS" value="04000000"/>
    </class>
    <class name="TAAvi" default="50000002">
      <style name="ACS_CENTER" value="00000001"/>
      <style name="ACS_TRANSPARENT" value="00000002"/>
      <style name="ACS_AUTOPLAY" value="00000004"/>
      <style name="ACS_TIMER" value="00000008"/>
      <style name="ACS_NONTRANSPARENT" value="00000010"/>
      <style name="WS_OVERLAPPED" value="00000000"/>
      <style name="WS_GROUP" value="00020000"/>
      <style name="WS_TABSTOP" value="00010000"/>
      <style name="WS_HSCROLL" value="00100000"/>
      <style name="WS_VSCROLL" value="00200000"/>
      <style name="WS_VISIBLE" value="10000000" forced="true"/>
      <style name="WS_CHILD" value="40000000" mask="80000000" forced="true"/>
      <style name="WS_BORDER" value="00800000"/>
      <style name="WS_CLIPSIBLINGS" value="04000000"/>
    </class>
    <class name="TAAviEx" default="00000000">
      <style name="WS_EX_CLIENTEDGE" value="00000200"/>
      <style name="WS_EX_STATICEDGE" value="00020000"/>
    </class>
    <class name="TADate" default="50010004">
      <style name="DTS_SHORTDATEFORMAT" value="00000000" mask="00000004"/>
      <style name="DTS_LONGDATEFORMAT" value="00000004" mask="00000004"/>
      <style name="DTS_UPDOWN" value="00000001"/>
      <style name="DTS_SHOWNONE" value="00000002"/>
      <style name="DTS_TIMEFORMAT" value="00000009"/>
      <style name="DTS_RIGHTALIGN" value="00000020"/>
      <style name="WS_OVERLAPPED" value="00000000"/>
      <style name="WS_GROUP" value="00020000"/>
      <style name="WS_TABSTOP" value="00010000"/>
      <style name="WS_HSCROLL" value="00100000"/>
      <style name="WS_VSCROLL" value="00200000"/>
      <style name="WS_VISIBLE" value="10000000" forced="true"/>
      <style name="WS_CHILD" value="40000000" mask="80000000" forced="true"/>
      <style name="WS_BORDER" value="00800000"/>
      <style name="WS_CLIPSIBLINGS" value="04000000"/>
    </class>
    <class name="TADateEx" default="00000200">
      <style name="WS_EX_CLIENTEDGE" value="00000200" forced="true"/>
      <style name="WS_EX_STATICEDGE" value="00020000"/>
    </class>
    <class name="TAMonthCal" default="50010000">
      <style name="MCS_DAYSTATE" value="00000001" forced="true"/>
      <style name="MCS_MULTISELECT" value="00000002" forced="true"/>
      <style name="MCS_WEEKNUMBERS" value="00000004"/>
      <style name="MCS_NOTODAYCIRCLE" value="00000008"/>
      <style name="MCS_NOTODAY" value="00000010"/>
      <style name="WS_OVERLAPPED" value="00000000"/>
      <style name="WS_GROUP" value="00020000"/>
      <style name="WS_TABSTOP" value="00010000"/>
      <style name="WS_HSCROLL" value="00100000"/>
      <style name="WS_VSCROLL" value="00200000"/>
      <style name="WS_VISIBLE" value="10000000" forced="true"/>
      <style name="WS_CHILD" value="40000000" mask="80000000" forced="true"/>
      <style name="WS_BORDER" value="00800000"/>
      <style name="WS_CLIPSIBLINGS" value="04000000"/>
    </class>
    <class name="TAMonthCalEx" default="00000200">
      <style name="WS_EX_CLIENTEDGE" value="00000200"/>
      <style name="WS_EX_STATICEDGE" value="00020000"/>
    </class>
    <class name="TAProgress" default="50000000">
      <style name="PBS_SMOOTH" value="00000001"/>
      <style name="PBS_VERTICAL" value="00000004"/>
      <style name="PBS_MARQUEE" value="00000008"/>
      <style name="WS_OVERLAPPED" value="00000000"/>
      <style name="WS_GROUP" value="00020000"/>
      <style name="WS_TABSTOP" value="00010000"/>
      <style name="WS_HSCROLL" value="00100000"/>
      <style name="WS_VSCROLL" value="00200000"/>
      <style name="WS_VISIBLE" value="10000000" forced="true"/>
      <style name="WS_CHILD" value="40000000" mask="80000000" forced="true"/>
      <style name="WS_BORDER" value="00800000"/>
      <style name="WS_CLIPSIBLINGS" value="04000000"/>
    </class>
    <class name="TAProgressEx" default="00000000">
      <style name="WS_EX_CLIENTEDGE" value="00000200"/>
      <style name="WS_EX_STATICEDGE" value="00020000"/>
    </class>
    <class name="TAUpdown" default="50000006">
      <style name="UDS_WRAP" value="00000001"/>
      <style name="UDS_SETBUDDYINT" value="00000002" forced="true"/>
      <style name="UDS_ALIGNRIGHT" value="00000004" mask="8"/>
      <style name="UDS_ALIGNLEFT" value="00000008" mask="8"/>
      <style name="UDS_ARROWKEYS" value="00000020"/>
      <style name="UDS_HORZ" value="00000040"/>
      <style name="UDS_NOTHOUSANDS" value="00000080"/>
    </class>
    <class name="TASlider" default="50000001">
      <style name="TBS_HORZ" value="00000000" mask="00000002"/>
      <style name="TBS_VERT" value="00000002" mask="00000002"/>
      <style name="TBS_AUTOTICKS" value="00000001"/>
      <style name="TBS_BOTTOM" value="00000000" mask="00000004"/>
      <style name="TBS_TOP" value="00000004" mask="00000004"/>
      <style name="TBS_RIGHT" value="00000000" mask="00000004"/>
      <style name="TBS_LEFT" value="00000004" mask="00000004"/>
      <style name="TBS_BOTH" value="00000008"/>
      <style name="TBS_NOTICKS" value="00000010"/>
      <style name="TBS_NOTHUMB" value="00000080"/>
      <style name="TBS_ENABLESELRANGE" value="00000020"/>
      <style name="TBS_FIXEDLENGTH" value="00000040"/>
      <style name="TBS_NOTHUMB" value="00000080"/>
      <style name="WS_OVERLAPPED" value="00000000"/>
      <style name="WS_GROUP" value="00020000"/>
      <style name="WS_TABSTOP" value="00010000"/>
      <style name="WS_HSCROLL" value="00100000"/>
      <style name="WS_VSCROLL" value="00200000"/>
      <style name="WS_VISIBLE" value="10000000" forced="true"/>
      <style name="WS_CHILD" value="40000000" mask="80000000" forced="true"/>
      <style name="WS_BORDER" value="00800000"/>
      <style name="WS_CLIPSIBLINGS" value="04000000"/>
    </class>
    <class name="TASliderEx" default="00000000">
      <style name="WS_EX_CLIENTEDGE" value="00000200"/>
      <style name="WS_EX_STATICEDGE" value="00020000"/>
    </class>
    <class name="TAListView" default="5001000D">
      <style name="LVS_ICON" value="00000000" mask="3"/>
      <style name="LVS_REPORT" value="00000001" mask="3"/>
      <style name="LVS_SMALLICON" value="00000002" mask="3"/>
      <style name="LVS_LIST" value="00000003" mask="3"/>
      <style name="LVS_EDITLABELS" value="00000200"/>
      <style name="LVS_NOCOLUMNHEADER" value="00004000"/>
      <style name="LVS_NOSORTHEADER" value="00008000"/>
      <style name="LVS_SINGLESEL" value="00000004"/>
      <style name="LVS_SHOWSELALWAYS" value="00000008"/>
      <style name="LVS_SORTASCENDING" value="00000010"/>
      <style name="LVS_SORTDESCENDING" value="00000020"/>
      <style name="LVS_NOLABELWRAP" value="00000080"/>
      <style name="LVS_AUTOARRANGE" value="00000100"/>
      <style name="LVS_NOSCROLL" value="00002000"/>
      <style name="LVS_ALIGNTOP" value="00000000" mask="00000800"/>
      <style name="LVS_ALIGNLEFT" value="00000800" mask="00000800"/>
      <style name="WS_OVERLAPPED" value="00000000"/>
      <style name="WS_GROUP" value="00020000"/>
      <style name="WS_TABSTOP" value="00010000" forced="true"/>
      <style name="WS_HSCROLL" value="00100000"/>
      <style name="WS_VSCROLL" value="00200000"/>
      <style name="WS_VISIBLE" value="10000000" forced="true"/>
      <style name="WS_CHILD" value="40000000" mask="80000000" forced="true"/>
      <style name="WS_BORDER" value="00800000"/>
      <style name="WS_CLIPSIBLINGS" value="04000000"/>
    </class>
    <class name="TAListViewEx" default="00000200">
      <style name="WS_EX_CLIENTEDGE" value="00000200"/>
      <style name="WS_EX_STATICEDGE" value="00020000"/>
      <style name="LVS_EX_GRIDLINES" value="00000001"/>
      <style name="LVS_EX_SUBITEMIMAGES" value="00000002"/>
      <style name="LVS_EX_CHECKBOXES" value="00000004"/>
      <style name="LVS_EX_TRACKSELECT" value="00000008"/>
      <style name="LVS_EX_HEADERDRAGDROP" value="00000010"/>
      <style name="LVS_EX_FULLROWSELECT" value="00000020"/>
      <style name="LVS_EX_FLATSB" value="00000100"/>
      <style name="LVS_EX_BORDERSELECT" value="00008000"/>
    </class>
    <class name="TATreeView" default="50030037">
      <style name="TVS_HASBUTTONS" value="00000001"/>
      <style name="TVS_HASLINES" value="00000002"/>
      <style name="TVS_LINESATROOT" value="00000004"/>
      <style name="TVS_EDITLABELS" value="00000008"/>
      <style name="TVS_DISABLEDRAGDROP" value="00000010"/>
      <style name="TVS_SHOWSELALWAYS" value="00000020"/>
      <style name="TVS_NOTOOLTIPS" value="00000080"/>
      <style name="TVS_CHECKBOXES" value="00000100"/>
      <style name="TVS_TRACKSELECT" value="00000200"/>
      <style name="TVS_SINGLEEXPAND" value="00000400"/>
      <style name="TVS_INFOTIP" value="00000800"/>
      <style name="TVS_FULLROWSELECT" value="00001000"/>
      <style name="TVS_NOSCROLL" value="00002000"/>
      <style name="TVS_NONEVENHEIGHT" value="00004000"/>
      <style name="WS_OVERLAPPED" value="00000000"/>
      <style name="WS_GROUP" value="00020000"/>
      <style name="WS_TABSTOP" value="00010000"/>
      <style name="WS_HSCROLL" value="00100000"/>
      <style name="WS_VSCROLL" value="00200000"/>
      <style name="WS_VISIBLE" value="10000000" forced="true"/>
      <style name="WS_CHILD" value="40000000" mask="80000000" forced="true"/>
      <style name="WS_BORDER" value="00800000"/>
      <style name="WS_CLIPSIBLINGS" value="04000000"/>
    </class>
    <class name="TATreeViewEx" default="00000000">
      <style name="WS_EX_CLIENTEDGE" value="00000200"/>
      <style name="WS_EX_STATICEDGE" value="00020000"/>
    </class>
    <class name="TATab" default="54010000">
      <style name="TCS_SCROLLOPPOSITE" value="00000001"/>
      <style name="TCS_BOTTOM" value="00000002"/>
      <style name="TCS_MULTISELECT" value="00000004"/>
      <style name="TCS_FLATBUTTONS" value="00000008"/>
      <style name="TCS_FORCEICONLEFT" value="00000010"/>
      <style name="TCS_FORCELABELLEFT" value="00000020"/>
      <style name="TCS_HOTTRACK" value="00000040"/>
      <style name="TCS_VERTICAL" value="00000080"/>
      <style name="TCS_TABS" value="00000000" mask="00000100"/>
      <style name="TCS_BUTTONS" value="00000100" mask="00000100"/>
      <style name="TCS_SINGLELINE" value="00000000" mask="00000200"/>
      <style name="TCS_MULTILINE" value="00000200" mask="00000200"/>
      <style name="TCS_RIGHTJUSTIFY" value="00000000" mask="00000400"/>
      <style name="TCS_FIXEDWIDTH" value="00000400" mask="00000400"/>
      <style name="TCS_RAGGEDRIGHT" value="00000800"/>
      <style name="TCS_FOCUSONBUTTONDOWN" value="00001000"/>
      <style name="TCS_TOOLTIPS" value="00004000"/>
      <style name="TCS_FOCUSNEVER" value="00008000"/>
      <style name="WS_OVERLAPPED" value="00000000"/>
      <style name="WS_GROUP" value="00020000"/>
      <style name="WS_TABSTOP" value="00010000" forced="true"/>
      <style name="WS_HSCROLL" value="00100000"/>
      <style name="WS_VSCROLL" value="00200000"/>
      <style name="WS_VISIBLE" value="10000000" forced="true"/>
      <style name="WS_CHILD" value="40000000" mask="80000000" forced="true"/>
      <style name="WS_BORDER" value="00800000"/>
      <style name="WS_CLIPSIBLINGS" value="04000000" forced="true"/>
    </class>
    <class name="TATabEx" default="00000000">
      <style name="TCS_EX_FLATSEPARATORS" value="00000001"/>
      <style name="WS_EX_CLIENTEDGE" value="00000200"/>
      <style name="WS_EX_STATICEDGE" value="00020000"/>
    </class>
    <class name="TAStatusBar" default="50000000">
      <style name="SBARS_SIZEGRIP" value="00000100"/>
      <style name="SBARS_TOOLTIPS" value="00000800"/>
      <style name="WS_OVERLAPPED" value="00000000"/>
      <style name="WS_GROUP" value="00020000"/>
      <style name="WS_TABSTOP" value="00010000"/>
      <style name="WS_HSCROLL" value="00100000"/>
      <style name="WS_VSCROLL" value="00200000"/>
      <style name="WS_VISIBLE" value="10000000" forced="true"/>
      <style name="WS_CHILD" value="40000000" mask="80000000" forced="true"/>
      <style name="WS_BORDER" value="00800000"/>
      <style name="WS_CLIPSIBLINGS" value="04000000"/>
    </class>
    <class name="TAStatusBarEx" default="00000000">
      <style name="WS_EX_CLIENTEDGE" value="00000200"/>
      <style name="WS_EX_STATICEDGE" value="00020000"/>
    </class>
    <class name="TAIPAddress" default="50010000">
      <style name="WS_OVERLAPPED" value="00000000"/>
      <style name="WS_GROUP" value="00020000"/>
      <style name="WS_TABSTOP" value="00010000" forced="true"/>
      <style name="WS_HSCROLL" value="00100000"/>
      <style name="WS_VSCROLL" value="00200000"/>
      <style name="WS_VISIBLE" value="10000000" forced="true"/>
      <style name="WS_CHILD" value="40000000" mask="80000000" forced="true"/>
      <style name="WS_BORDER" value="00800000"/>
      <style name="WS_CLIPSIBLINGS" value="04000000"/>
    </class>
    <class name="TAIPAddressEx" default="00000200">
      <style name="WS_EX_CLIENTEDGE" value="00000200" forced="true"/>
      <style name="WS_EX_STATICEDGE" value="00020000"/>
    </class>
    <class name="TAToolBar" default="54000000">
      <style name="WS_OVERLAPPED" value="00000000"/>
      <style name="WS_GROUP" value="00020000"/>
      <style name="WS_TABSTOP" value="00010000" forced="true"/>
      <style name="WS_HSCROLL" value="00100000"/>
      <style name="WS_VSCROLL" value="00200000"/>
      <style name="WS_VISIBLE" value="10000000" forced="true"/>
      <style name="WS_CHILD" value="40000000" mask="80000000" forced="true"/>
      <style name="WS_BORDER" value="00800000"/>
      <style name="WS_CLIPSIBLINGS" value="04000000"/>
      <style name="TBSTYLE_TOOLTIPS" value="00000100"/>
      <style name="TBSTYLE_WRAPABLE" value="00000200"/>
      <style name="TBSTYLE_ALTDRAG" value="00000400"/>
      <style name="TBSTYLE_FLAT" value="00000800"/>
      <style name="TBSTYLE_LIST" value="00001000"/>
      <style name="TBSTYLE_CUSTOMERASE" value="00002000"/>
      <style name="TBSTYLE_REGISTERDROP" value="00004000"/>
      <style name="TBSTYLE_TRANSPARENT" value="00008000"/>
    </class>
    <class name="TAToolBarEx" default="00000000">
      <style name="WS_EX_CLIENTEDGE" value="00000200"/>
      <style name="WS_EX_STATICEDGE" value="00020000"/>
      <style name="TBSTYLE_EX_DRAWDDARROWS" value="00000001"/>
      <style name="TBSTYLE_EX_MIXEDBUTTONS" value="00000008"/>
      <style name="TBSTYLE_EX_HIDECLIPPEDBUTTONS" value="00000010"/>
      <style name="TBSTYLE_EX_DOUBLEBUFFER" value="00000080"/>
    </class>
  </styles>
</data>
